API Start (ns),API Dur (ns),Queue Start (ns),Queue Dur (ns),Kernel Start (ns),Kernel Dur (ns),Total Dur (ns),PID,TID,DevId,API Function,GridXYZ,BlockXYZ,Kernel Name
319222817,2130125,,,321344805,14944,2136932,570413,570413,0,cudaLaunchKernel,   1    1    1,   1    1    1,"gem16::internal::<unnamed>::BuildTrellis35PrefillTileScheduleKernel(const unsigned int *, unsigned int *, unsigned int *)"
321363722,72687,321436409,2187,321438596,355834,430708,570413,570413,0,cudaLaunchKernel,1024    1    1, 256    1    1,"gem16::internal::<unnamed>::PrefillTransformScaleKernel(const float *, const unsigned short *, const gem16::internal::Gemma4MoePrefillAssignment *, float *, unsigned long, unsigned long, unsigned long, unsigned long, unsigned long, bool)"
321440617,30697,321471314,331724,321803038,335834,698255,570413,570413,0,cudaLaunchKernel,  11 1024    1, 256    1    1,"gem16::internal::<unnamed>::PrefillTransformQuantizeKernel(const float *, const unsigned short *, const gem16::internal::Gemma4MoePrefillAssignment *, const float *, unsigned char *, unsigned long, unsigned long, unsigned long, unsigned long, unsigned long, bool)"
321474410,27241,321501651,645221,322146872,1067886,1740348,570413,570413,0,cudaLaunchKernel,   4 1024    1, 128    1    1,"gem16::internal::<unnamed>::MmaW4A8ProjectionGroupedPrefillTileKernel(const unsigned char *, const float *, gem16::internal::Trellis35DeviceFamilyBinding, const unsigned int *, const unsigned int *, const unsigned int *, const unsigned int *, float *, unsigned long, unsigned long, unsigned long)"
321505087,14508,321519595,1704859,323224454,9120,1728487,570413,570413,0,cudaLaunchKernel,1024    1    1, 128    1    1,"gem16::internal::<unnamed>::PrefillOutputTransformTileKernel(const float *, const unsigned short *, const gem16::internal::Gemma4MoePrefillAssignment *, float *, unsigned long, unsigned long, unsigned long)"
321520506,3016,321523522,1710276,323233798,1063886,2777178,570413,570413,0,cudaLaunchKernel,   4 1024    1, 128    1    1,"gem16::internal::<unnamed>::MmaW4A8ProjectionGroupedPrefillTileKernel(const unsigned char *, const float *, gem16::internal::Trellis35DeviceFamilyBinding, const unsigned int *, const unsigned int *, const unsigned int *, const unsigned int *, float *, unsigned long, unsigned long, unsigned long)"
321524123,3547,321527670,2770238,324297908,9119,2782904,570413,570413,0,cudaLaunchKernel,1024    1    1, 128    1    1,"gem16::internal::<unnamed>::PrefillOutputTransformTileKernel(const float *, const unsigned short *, const gem16::internal::Gemma4MoePrefillAssignment *, float *, unsigned long, unsigned long, unsigned long)"
321528191,2615,321530806,2776445,324307251,1056175,3835235,570413,570413,0,cudaLaunchKernel,   4 1024    1, 128    1    1,"gem16::internal::<unnamed>::MmaW4A8ProjectionGroupedPrefillTileKernel(const unsigned char *, const float *, gem16::internal::Trellis35DeviceFamilyBinding, const unsigned int *, const unsigned int *, const unsigned int *, const unsigned int *, float *, unsigned long, unsigned long, unsigned long)"
321531237,2474,321533711,3829971,325363682,9056,3841501,570413,570413,0,cudaLaunchKernel,1024    1    1, 128    1    1,"gem16::internal::<unnamed>::PrefillOutputTransformTileKernel(const float *, const unsigned short *, const gem16::internal::Gemma4MoePrefillAssignment *, float *, unsigned long, unsigned long, unsigned long)"
321534783,2395,321537178,3835784,325372962,1062862,4901041,570413,570413,0,cudaLaunchKernel,   4 1024    1, 128    1    1,"gem16::internal::<unnamed>::MmaW4A8ProjectionGroupedPrefillTileKernel(const unsigned char *, const float *, gem16::internal::Trellis35DeviceFamilyBinding, const unsigned int *, const unsigned int *, const unsigned int *, const unsigned int *, float *, unsigned long, unsigned long, unsigned long)"
321537618,2435,321540053,4896315,326436368,9024,4907774,570413,570413,0,cudaLaunchKernel,1024    1    1, 128    1    1,"gem16::internal::<unnamed>::PrefillOutputTransformTileKernel(const float *, const unsigned short *, const gem16::internal::Gemma4MoePrefillAssignment *, float *, unsigned long, unsigned long, unsigned long)"
321541155,2174,321543329,4902607,326445936,1079501,5984282,570413,570413,0,cudaLaunchKernel,   4 1024    1, 128    1    1,"gem16::internal::<unnamed>::MmaW4A8ProjectionGroupedPrefillTileKernel(const unsigned char *, const float *, gem16::internal::Trellis35DeviceFamilyBinding, const unsigned int *, const unsigned int *, const unsigned int *, const unsigned int *, float *, unsigned long, unsigned long, unsigned long)"
321543860,2274,321546134,5979527,327525661,9024,5990825,570413,570413,0,cudaLaunchKernel,1024    1    1, 128    1    1,"gem16::internal::<unnamed>::PrefillOutputTransformTileKernel(const float *, const unsigned short *, const gem16::internal::Gemma4MoePrefillAssignment *, float *, unsigned long, unsigned long, unsigned long)"
321546575,2315,321548890,5986051,327534941,1065486,7053852,570413,570413,0,cudaLaunchKernel,   4 1024    1, 128    1    1,"gem16::internal::<unnamed>::MmaW4A8ProjectionGroupedPrefillTileKernel(const unsigned char *, const float *, gem16::internal::Trellis35DeviceFamilyBinding, const unsigned int *, const unsigned int *, const unsigned int *, const unsigned int *, float *, unsigned long, unsigned long, unsigned long)"
321550292,2084,321552376,7048275,328600651,8960,7059319,570413,570413,0,cudaLaunchKernel,1024    1    1, 128    1    1,"gem16::internal::<unnamed>::PrefillOutputTransformTileKernel(const float *, const unsigned short *, const gem16::internal::Gemma4MoePrefillAssignment *, float *, unsigned long, unsigned long, unsigned long)"
321552817,2164,321554981,7054854,328609835,1061230,8118248,570413,570413,0,cudaLaunchKernel,   4 1024    1, 128    1    1,"gem16::internal::<unnamed>::MmaW4A8ProjectionGroupedPrefillTileKernel(const unsigned char *, const float *, gem16::internal::Trellis35DeviceFamilyBinding, const unsigned int *, const unsigned int *, const unsigned int *, const unsigned int *, float *, unsigned long, unsigned long, unsigned long)"
321555422,2334,321557756,8113565,329671321,9024,8124923,570413,570413,0,cudaLaunchKernel,1024    1    1, 128    1    1,"gem16::internal::<unnamed>::PrefillOutputTransformTileKernel(const float *, const unsigned short *, const gem16::internal::Gemma4MoePrefillAssignment *, float *, unsigned long, unsigned long, unsigned long)"
321558197,2234,321560431,8120170,329680601,1088334,9210738,570413,570413,0,cudaLaunchKernel,   4 1024    1, 128    1    1,"gem16::internal::<unnamed>::MmaW4A8ProjectionGroupedPrefillTileKernel(const unsigned char *, const float *, gem16::internal::Trellis35DeviceFamilyBinding, const unsigned int *, const unsigned int *, const unsigned int *, const unsigned int *, float *, unsigned long, unsigned long, unsigned long)"
321561012,2104,321563116,9206043,330769159,8992,9217139,570413,570413,0,cudaLaunchKernel,1024    1    1, 128    1    1,"gem16::internal::<unnamed>::PrefillOutputTransformTileKernel(const float *, const unsigned short *, const gem16::internal::Gemma4MoePrefillAssignment *, float *, unsigned long, unsigned long, unsigned long)"
321563637,2866,321566503,9211904,330778407,1064846,10279616,570413,570413,0,cudaLaunchKernel,   4 1024    1, 128    1    1,"gem16::internal::<unnamed>::MmaW4A8ProjectionGroupedPrefillTileKernel(const unsigned char *, const float *, gem16::internal::Trellis35DeviceFamilyBinding, const unsigned int *, const unsigned int *, const unsigned int *, const unsigned int *, float *, unsigned long, unsigned long, unsigned long)"
321567024,2294,321569318,10274159,331843477,8960,10285413,570413,570413,0,cudaLaunchKernel,1024    1    1, 128    1    1,"gem16::internal::<unnamed>::PrefillOutputTransformTileKernel(const float *, const unsigned short *, const gem16::internal::Gemma4MoePrefillAssignment *, float *, unsigned long, unsigned long, unsigned long)"
321569759,2084,321571843,10280850,331852693,1063406,11346340,570413,570413,0,cudaLaunchKernel,   4 1024    1, 128    1    1,"gem16::internal::<unnamed>::MmaW4A8ProjectionGroupedPrefillTileKernel(const unsigned char *, const float *, gem16::internal::Trellis35DeviceFamilyBinding, const unsigned int *, const unsigned int *, const unsigned int *, const unsigned int *, float *, unsigned long, unsigned long, unsigned long)"
321572273,2104,321574377,11341978,332916355,8991,11353073,570413,570413,0,cudaLaunchKernel,1024    1    1, 128    1    1,"gem16::internal::<unnamed>::PrefillOutputTransformTileKernel(const float *, const unsigned short *, const gem16::internal::Gemma4MoePrefillAssignment *, float *, unsigned long, unsigned long, unsigned long)"
321575059,2725,321577784,11347786,332925570,1083214,12433725,570413,570413,0,cudaLaunchKernel,   4 1024    1, 128    1    1,"gem16::internal::<unnamed>::MmaW4A8ProjectionGroupedPrefillTileKernel(const unsigned char *, const float *, gem16::internal::Trellis35DeviceFamilyBinding, const unsigned int *, const unsigned int *, const unsigned int *, const unsigned int *, float *, unsigned long, unsigned long, unsigned long)"
321578215,2394,321580609,12428431,334009040,9024,12439849,570413,570413,0,cudaLaunchKernel,1024    1    1, 128    1    1,"gem16::internal::<unnamed>::PrefillOutputTransformTileKernel(const float *, const unsigned short *, const gem16::internal::Gemma4MoePrefillAssignment *, float *, unsigned long, unsigned long, unsigned long)"
321583535,9517,321593052,12428084,334021136,3872,12441473,570413,570413,0,cudaLaunchKernel,   3 1024    1, 256    1    1,"gem16::internal::<unnamed>::GatedGeluKernel(const float *, float *)"
321594295,2595,321596890,12428374,334025264,100446,12531415,570413,570413,0,cudaLaunchKernel,1024    1    1, 256    1    1,"gem16::internal::<unnamed>::PrefillTransformScaleKernel(const float *, const unsigned short *, const gem16::internal::Gemma4MoePrefillAssignment *, float *, unsigned long, unsigned long, unsigned long, unsigned long, unsigned long, bool)"
321597361,2404,321599765,12526201,334125966,92607,12621212,570413,570413,0,cudaLaunchKernel,   3 1024    1, 256    1    1,"gem16::internal::<unnamed>::PrefillTransformQuantizeKernel(const float *, const unsigned short *, const gem16::internal::Gemma4MoePrefillAssignment *, const float *, unsigned char *, unsigned long, unsigned long, unsigned long, unsigned long, unsigned long, bool)"
321600406,2094,321602500,12616329,334218829,290619,12909042,570413,570413,0,cudaLaunchKernel,   4 1024    1, 128    1    1,"gem16::internal::<unnamed>::MmaW4A8ProjectionGroupedPrefillTileKernel(const unsigned char *, const float *, gem16::internal::Trellis35DeviceFamilyBinding, const unsigned int *, const unsigned int *, const unsigned int *, const unsigned int *, float *, unsigned long, unsigned long, unsigned long)"
321602951,1984,321604935,12904769,334509704,8896,12915649,570413,570413,0,cudaLaunchKernel,1024    1    1, 128    1    1,"gem16::internal::<unnamed>::PrefillOutputTransformTileKernel(const float *, const unsigned short *, const gem16::internal::Gemma4MoePrefillAssignment *, float *, unsigned long, unsigned long, unsigned long)"
321605426,1983,321607409,12911415,334518824,292123,13205521,570413,570413,0,cudaLaunchKernel,   4 1024    1, 128    1    1,"gem16::internal::<unnamed>::MmaW4A8ProjectionGroupedPrefillTileKernel(const unsigned char *, const float *, gem16::internal::Trellis35DeviceFamilyBinding, const unsigned int *, const unsigned int *, const unsigned int *, const unsigned int *, float *, unsigned long, unsigned long, unsigned long)"
321607840,2094,321609934,13201237,334811171,8992,13212323,570413,570413,0,cudaLaunchKernel,1024    1    1, 128    1    1,"gem16::internal::<unnamed>::PrefillOutputTransformTileKernel(const float *, const unsigned short *, const gem16::internal::Gemma4MoePrefillAssignment *, float *, unsigned long, unsigned long, unsigned long)"
321610555,2435,321612990,13207397,334820387,295611,13505443,570413,570413,0,cudaLaunchKernel,   4 1024    1, 128    1    1,"gem16::internal::<unnamed>::MmaW4A8ProjectionGroupedPrefillTileKernel(const unsigned char *, const float *, gem16::internal::Trellis35DeviceFamilyBinding, const unsigned int *, const unsigned int *, const unsigned int *, const unsigned int *, float *, unsigned long, unsigned long, unsigned long)"
321613421,2254,321615675,13500579,335116254,8927,13511760,570413,570413,0,cudaLaunchKernel,1024    1    1, 128    1    1,"gem16::internal::<unnamed>::PrefillOutputTransformTileKernel(const float *, const unsigned short *, const gem16::internal::Gemma4MoePrefillAssignment *, float *, unsigned long, unsigned long, unsigned long)"
321616196,2725,321618921,13506484,335125405,296347,13805556,570413,570413,0,cudaLaunchKernel,   4 1024    1, 128    1    1,"gem16::internal::<unnamed>::MmaW4A8ProjectionGroupedPrefillTileKernel(const unsigned char *, const float *, gem16::internal::Trellis35DeviceFamilyBinding, const unsigned int *, const unsigned int *, const unsigned int *, const unsigned int *, float *, unsigned long, unsigned long, unsigned long)"
321619462,2154,321621616,13800392,335422008,8928,13811474,570413,570413,0,cudaLaunchKernel,1024    1    1, 128    1    1,"gem16::internal::<unnamed>::PrefillOutputTransformTileKernel(const float *, const unsigned short *, const gem16::internal::Gemma4MoePrefillAssignment *, float *, unsigned long, unsigned long, unsigned long)"
321622067,3026,321625093,13806099,335431192,294779,14103904,570413,570413,0,cudaLaunchKernel,   4 1024    1, 128    1    1,"gem16::internal::<unnamed>::MmaW4A8ProjectionGroupedPrefillTileKernel(const unsigned char *, const float *, gem16::internal::Trellis35DeviceFamilyBinding, const unsigned int *, const unsigned int *, const unsigned int *, const unsigned int *, float *, unsigned long, unsigned long, unsigned long)"
321625533,2265,321627798,14098429,335726227,8960,14109654,570413,570413,0,cudaLaunchKernel,1024    1    1, 128    1    1,"gem16::internal::<unnamed>::PrefillOutputTransformTileKernel(const float *, const unsigned short *, const gem16::internal::Gemma4MoePrefillAssignment *, float *, unsigned long, unsigned long, unsigned long)"
321628248,2205,321630453,14104958,335735411,293627,14400790,570413,570413,0,cudaLaunchKernel,   4 1024    1, 128    1    1,"gem16::internal::<unnamed>::MmaW4A8ProjectionGroupedPrefillTileKernel(const unsigned char *, const float *, gem16::internal::Trellis35DeviceFamilyBinding, const unsigned int *, const unsigned int *, const unsigned int *, const unsigned int *, float *, unsigned long, unsigned long, unsigned long)"
321630893,2405,321633298,14395964,336029262,8896,14407265,570413,570413,0,cudaLaunchKernel,1024    1    1, 128    1    1,"gem16::internal::<unnamed>::PrefillOutputTransformTileKernel(const float *, const unsigned short *, const gem16::internal::Gemma4MoePrefillAssignment *, float *, unsigned long, unsigned long, unsigned long)"
321633749,2134,321635883,14402499,336038382,302107,14706740,570413,570413,0,cudaLaunchKernel,   4 1024    1, 128    1    1,"gem16::internal::<unnamed>::MmaW4A8ProjectionGroupedPrefillTileKernel(const unsigned char *, const float *, gem16::internal::Trellis35DeviceFamilyBinding, const unsigned int *, const unsigned int *, const unsigned int *, const unsigned int *, float *, unsigned long, unsigned long, unsigned long)"
321636324,2174,321638498,14702247,336340745,8928,14713349,570413,570413,0,cudaLaunchKernel,1024    1    1, 128    1    1,"gem16::internal::<unnamed>::PrefillOutputTransformTileKernel(const float *, const unsigned short *, const gem16::internal::Gemma4MoePrefillAssignment *, float *, unsigned long, unsigned long, unsigned long)"
321639249,2034,321641283,14708646,336349929,292859,15003539,570413,570413,0,cudaLaunchKernel,   4 1024    1, 128    1    1,"gem16::internal::<unnamed>::MmaW4A8ProjectionGroupedPrefillTileKernel(const unsigned char *, const float *, gem16::internal::Trellis35DeviceFamilyBinding, const unsigned int *, const unsigned int *, const unsigned int *, const unsigned int *, float *, unsigned long, unsigned long, unsigned long)"
321641714,2625,321644339,14998705,336643044,8928,15010258,570413,570413,0,cudaLaunchKernel,1024    1    1, 128    1    1,"gem16::internal::<unnamed>::PrefillOutputTransformTileKernel(const float *, const unsigned short *, const gem16::internal::Gemma4MoePrefillAssignment *, float *, unsigned long, unsigned long, unsigned long)"
321644779,2265,321647044,15005184,336652228,288699,15296148,570413,570413,0,cudaLaunchKernel,   4 1024    1, 128    1    1,"gem16::internal::<unnamed>::MmaW4A8ProjectionGroupedPrefillTileKernel(const unsigned char *, const float *, gem16::internal::Trellis35DeviceFamilyBinding, const unsigned int *, const unsigned int *, const unsigned int *, const unsigned int *, float *, unsigned long, unsigned long, unsigned long)"
321647475,2154,321649629,15291554,336941183,8928,15302636,570413,570413,0,cudaLaunchKernel,1024    1    1, 128    1    1,"gem16::internal::<unnamed>::PrefillOutputTransformTileKernel(const float *, const unsigned short *, const gem16::internal::Gemma4MoePrefillAssignment *, float *, unsigned long, unsigned long, unsigned long)"
321650540,2375,321652915,15297420,336950335,292283,15592078,570413,570413,0,cudaLaunchKernel,   4 1024    1, 128    1    1,"gem16::internal::<unnamed>::MmaW4A8ProjectionGroupedPrefillTileKernel(const unsigned char *, const float *, gem16::internal::Trellis35DeviceFamilyBinding, const unsigned int *, const unsigned int *, const unsigned int *, const unsigned int *, float *, unsigned long, unsigned long, unsigned long)"
321653356,2204,321655560,15587314,337242874,8896,15598414,570413,570413,0,cudaLaunchKernel,1024    1    1, 128    1    1,"gem16::internal::<unnamed>::PrefillOutputTransformTileKernel(const float *, const unsigned short *, const gem16::internal::Gemma4MoePrefillAssignment *, float *, unsigned long, unsigned long, unsigned long)"
321656151,2164,321658315,15593679,337251994,297723,15893566,570413,570413,0,cudaLaunchKernel,   4 1024    1, 128    1    1,"gem16::internal::<unnamed>::MmaW4A8ProjectionGroupedPrefillTileKernel(const unsigned char *, const float *, gem16::internal::Trellis35DeviceFamilyBinding, const unsigned int *, const unsigned int *, const unsigned int *, const unsigned int *, float *, unsigned long, unsigned long, unsigned long)"
321658876,1954,321660830,15889111,337549941,8959,15900024,570413,570413,0,cudaLaunchKernel,1024    1    1, 128    1    1,"gem16::internal::<unnamed>::PrefillOutputTransformTileKernel(const float *, const unsigned short *, const gem16::internal::Gemma4MoePrefillAssignment *, float *, unsigned long, unsigned long, unsigned long)"
321661591,2645,321664236,15894888,337559124,297147,16194680,570413,570413,0,cudaLaunchKernel,   4 1024    1, 128    1    1,"gem16::internal::<unnamed>::MmaW4A8ProjectionGroupedPrefillTileKernel(const unsigned char *, const float *, gem16::internal::Trellis35DeviceFamilyBinding, const unsigned int *, const unsigned int *, const unsigned int *, const unsigned int *, float *, unsigned long, unsigned long, unsigned long)"
321664837,2274,321667111,16189416,337856527,8928,16200618,570413,570413,0,cudaLaunchKernel,1024    1    1, 128    1    1,"gem16::internal::<unnamed>::PrefillOutputTransformTileKernel(const float *, const unsigned short *, const gem16::internal::Gemma4MoePrefillAssignment *, float *, unsigned long, unsigned long, unsigned long)"
321667863,2795,321670658,16195053,337865711,295515,16493363,570413,570413,0,cudaLaunchKernel,   4 1024    1, 128    1    1,"gem16::internal::<unnamed>::MmaW4A8ProjectionGroupedPrefillTileKernel(const unsigned char *, const float *, gem16::internal::Trellis35DeviceFamilyBinding, const unsigned int *, const unsigned int *, const unsigned int *, const unsigned int *, float *, unsigned long, unsigned long, unsigned long)"
321671089,2294,321673383,16488099,338161482,8928,16499321,570413,570413,0,cudaLaunchKernel,1024    1    1, 128    1    1,"gem16::internal::<unnamed>::PrefillOutputTransformTileKernel(const float *, const unsigned short *, const gem16::internal::Gemma4MoePrefillAssignment *, float *, unsigned long, unsigned long, unsigned long)"
321673824,2144,321675968,16494698,338170666,296411,16793253,570413,570413,0,cudaLaunchKernel,   4 1024    1, 128    1    1,"gem16::internal::<unnamed>::MmaW4A8ProjectionGroupedPrefillTileKernel(const unsigned char *, const float *, gem16::internal::Trellis35DeviceFamilyBinding, const unsigned int *, const unsigned int *, const unsigned int *, const unsigned int *, float *, unsigned long, unsigned long, unsigned long)"
321676399,2364,321678763,16788538,338467301,8928,16799830,570413,570413,0,cudaLaunchKernel,1024    1    1, 128    1    1,"gem16::internal::<unnamed>::PrefillOutputTransformTileKernel(const float *, const unsigned short *, const gem16::internal::Gemma4MoePrefillAssignment *, float *, unsigned long, unsigned long, unsigned long)"
321679324,1884,321681208,16795245,338476453,298235,17095364,570413,570413,0,cudaLaunchKernel,   4 1024    1, 128    1    1,"gem16::internal::<unnamed>::MmaW4A8ProjectionGroupedPrefillTileKernel(const unsigned char *, const float *, gem16::internal::Trellis35DeviceFamilyBinding, const unsigned int *, const unsigned int *, const unsigned int *, const unsigned int *, float *, unsigned long, unsigned long, unsigned long)"
321681649,2164,321683813,17091131,338774944,8896,17102191,570413,570413,0,cudaLaunchKernel,1024    1    1, 128    1    1,"gem16::internal::<unnamed>::PrefillOutputTransformTileKernel(const float *, const unsigned short *, const gem16::internal::Gemma4MoePrefillAssignment *, float *, unsigned long, unsigned long, unsigned long)"
321684414,2264,321686678,17097386,338784064,297979,17397629,570413,570413,0,cudaLaunchKernel,   4 1024    1, 128    1    1,"gem16::internal::<unnamed>::MmaW4A8ProjectionGroupedPrefillTileKernel(const unsigned char *, const float *, gem16::internal::Trellis35DeviceFamilyBinding, const unsigned int *, const unsigned int *, const unsigned int *, const unsigned int *, float *, unsigned long, unsigned long, unsigned long)"
321687309,2385,321689694,17392573,339082267,8960,17403918,570413,570413,0,cudaLaunchKernel,1024    1    1, 128    1    1,"gem16::internal::<unnamed>::PrefillOutputTransformTileKernel(const float *, const unsigned short *, const gem16::internal::Gemma4MoePrefillAssignment *, float *, unsigned long, unsigned long, unsigned long)"
321690215,2124,321692339,17399144,339091483,302811,17704079,570413,570413,0,cudaLaunchKernel,   4 1024    1, 128    1    1,"gem16::internal::<unnamed>::MmaW4A8ProjectionGroupedPrefillTileKernel(const unsigned char *, const float *, gem16::internal::Trellis35DeviceFamilyBinding, const unsigned int *, const unsigned int *, const unsigned int *, const unsigned int *, float *, unsigned long, unsigned long, unsigned long)"
321692780,2264,321695044,17699506,339394550,8863,17710633,570413,570413,0,cudaLaunchKernel,1024    1    1, 128    1    1,"gem16::internal::<unnamed>::PrefillOutputTransformTileKernel(const float *, const unsigned short *, const gem16::internal::Gemma4MoePrefillAssignment *, float *, unsigned long, unsigned long, unsigned long)"
321695495,2334,321697829,17705840,339403669,298459,18006633,570413,570413,0,cudaLaunchKernel,   4 1024    1, 128    1    1,"gem16::internal::<unnamed>::MmaW4A8ProjectionGroupedPrefillTileKernel(const unsigned char *, const float *, gem16::internal::Trellis35DeviceFamilyBinding, const unsigned int *, const unsigned int *, const unsigned int *, const unsigned int *, float *, unsigned long, unsigned long, unsigned long)"
321698250,2575,321700825,18001559,339702384,8992,18013126,570413,570413,0,cudaLaunchKernel,1024    1    1, 128    1    1,"gem16::internal::<unnamed>::PrefillOutputTransformTileKernel(const float *, const unsigned short *, const gem16::internal::Gemma4MoePrefillAssignment *, float *, unsigned long, unsigned long, unsigned long)"
321701275,2295,321703570,18008062,339711632,298587,18308944,570413,570413,0,cudaLaunchKernel,   4 1024    1, 128    1    1,"gem16::internal::<unnamed>::MmaW4A8ProjectionGroupedPrefillTileKernel(const unsigned char *, const float *, gem16::internal::Trellis35DeviceFamilyBinding, const unsigned int *, const unsigned int *, const unsigned int *, const unsigned int *, float *, unsigned long, unsigned long, unsigned long)"
321704021,2304,321706325,18304118,340010443,8960,18315382,570413,570413,0,cudaLaunchKernel,1024    1    1, 128    1    1,"gem16::internal::<unnamed>::PrefillOutputTransformTileKernel(const float *, const unsigned short *, const gem16::internal::Gemma4MoePrefillAssignment *, float *, unsigned long, unsigned long, unsigned long)"
321706776,2464,321709240,18310387,340019627,302459,18615310,570413,570413,0,cudaLaunchKernel,   4 1024    1, 128    1    1,"gem16::internal::<unnamed>::MmaW4A8ProjectionGroupedPrefillTileKernel(const unsigned char *, const float *, gem16::internal::Trellis35DeviceFamilyBinding, const unsigned int *, const unsigned int *, const unsigned int *, const unsigned int *, float *, unsigned long, unsigned long, unsigned long)"
321709701,2184,321711885,18610425,340322310,8992,18621601,570413,570413,0,cudaLaunchKernel,1024    1    1, 128    1    1,"gem16::internal::<unnamed>::PrefillOutputTransformTileKernel(const float *, const unsigned short *, const gem16::internal::Gemma4MoePrefillAssignment *, float *, unsigned long, unsigned long, unsigned long)"
321712336,2325,321714661,18616865,340331526,293819,18913009,570413,570413,0,cudaLaunchKernel,   4 1024    1, 128    1    1,"gem16::internal::<unnamed>::MmaW4A8ProjectionGroupedPrefillTileKernel(const unsigned char *, const float *, gem16::internal::Trellis35DeviceFamilyBinding, const unsigned int *, const unsigned int *, const unsigned int *, const unsigned int *, float *, unsigned long, unsigned long, unsigned long)"
321715232,2094,321717326,18908275,340625601,8928,18919297,570413,570413,0,cudaLaunchKernel,1024    1    1, 128    1    1,"gem16::internal::<unnamed>::PrefillOutputTransformTileKernel(const float *, const unsigned short *, const gem16::internal::Gemma4MoePrefillAssignment *, float *, unsigned long, unsigned long, unsigned long)"
321717816,2094,321719910,18914843,340634753,295419,19212356,570413,570413,0,cudaLaunchKernel,   4 1024    1, 128    1    1,"gem16::internal::<unnamed>::MmaW4A8ProjectionGroupedPrefillTileKernel(const unsigned char *, const float *, gem16::internal::Trellis35DeviceFamilyBinding, const unsigned int *, const unsigned int *, const unsigned int *, const unsigned int *, float *, unsigned long, unsigned long, unsigned long)"
321720341,2445,321722786,19207642,340930428,8992,19219079,570413,570413,0,cudaLaunchKernel,1024    1    1, 128    1    1,"gem16::internal::<unnamed>::PrefillOutputTransformTileKernel(const float *, const unsigned short *, const gem16::internal::Gemma4MoePrefillAssignment *, float *, unsigned long, unsigned long, unsigned long)"
321730861,10700,321741561,19202083,340943644,4159,19216942,570413,570413,0,cudaLaunchKernel,  22  128    1, 128    1    1,"void gem16::internal::<unnamed>::ReduceAssignmentsKernel<float>(const T1 *, const gem16::internal::Gemma4MoePrefillAssignment *, float *, unsigned long, unsigned int, unsigned long)"
321743915,9027,321752942,19198541,340951483,544,19208112,570413,570413,0,cudaLaunchKernel,   1    1    1,   1    1    1,"gem16::internal::<unnamed>::RestoreTrellis35PrefillHistogramZeroKernel(unsigned int *, const unsigned int *)"
